2	Luigi	Patchett	lpatchett1@instagram.com	Male	Linköping	6/9/2020
7	Alli	Rixon	arixon6@google.ru	Male	Örnsköldsvik	3/18/2020
8	Burtie	Probbin	bprobbin7@fotki.com	Male	Thanatpin	8/11/2017
9	Fernanda	Isley	fisley8@princeton.edu	Male	Xinjie	7/14/2017
11	Aguste	Greeno	agreenoa@epa.gov	Male	Souillac	1/19/2016
12	Briana	Jessep	bjessepb@rakuten.co.jp	Male	East End	2/1/2016
15	Alvinia	Kingett	akingette@yellowpages.com	Male	Canha	5/24/2018
17	Laura	Curless	lcurlessg@github.com	Male	Catbalogan	8/23/2019
20	Donal	Posvner	dposvnerj@biblegateway.com	Male	Saint Louis	3/13/2016
21	Durante	Van Velden	dvanveldenk@reddit.com	Male	Bolkhov	8/6/2017
22	Archy	Pepon	apeponl@nationalgeographic.com	Male	Caburan	6/4/2019
23	Joice	Dulake	jdulakem@house.gov	Male	Tuapse	5/3/2018
24	Buckie	Mitchley	bmitchleyn@soup.io	Male	Krasnyy Kholm	11/11/2018
25	Derward	Teague	dteagueo@indiatimes.com	Male	Irbit	6/29/2019
26	Carolann	Kynder	ckynderp@cyberchimps.com	Male	Borzęta	1/4/2019
27	Van	Suddock	vsuddockq@sogou.com	Male	Dongjiao	3/21/2017
29	Alida	Arlett	aarletts@gravatar.com	Male	Clones	2/4/2016
32	Aimee	Wayvill	awayvillv@linkedin.com	Male	Tānk	7/12/2018
33	Edgar	Pley	epleyw@soundcloud.com	Male	Hartola	10/6/2019
34	Rochette	Shaves	rshavesx@eepurl.com	Male	Yongyang	9/20/2017
36	Babette	Enric	benricz@who.int	Male	Enschede	5/23/2017
38	Gene	Gerbl	ggerbl11@spiegel.de	Male	Sheksna	12/29/2020
39	Galven	Williment	gwilliment12@hc360.com	Male	Dębnica Kaszubska	8/4/2019
43	Heddie	Thorneywork	hthorneywork16@unicef.org	Male	Kitsuki	10/28/2020
44	Nicholle	McCathay	nmccathay17@aboutads.info	Male	Mingzhong	7/4/2016
47	Juliann	Brydon	jbrydon1a@webeden.co.uk	Male	Nanjing	6/1/2020
49	Nicole	Gillice	ngillice1c@goo.ne.jp	Male	Pevek	5/3/2018
50	Willie	Gunson	wgunson1d@irs.gov	Male	Heshengbao	9/4/2019
51	Quintana	Giorio	qgiorio1e@surveymonkey.com	Male	Big Bend	2/2/2021
54	Aaren	Chesters	achesters1h@lycos.com	Male	Élancourt	12/4/2017
55	Norrie	Laming	nlaming1i@washington.edu	Male	Tominian	12/20/2019
58	Datha	Cripwell	dcripwell1l@goo.ne.jp	Male	Lac-Brome	3/5/2020
59	Cassandre	Mowles	cmowles1m@economist.com	Male	Safi	10/14/2020
60	Wilmette	McGiffin	wmcgiffin1n@harvard.edu	Male	Saint-Julien-en-Genevois	9/3/2016
62	Romonda	Martyns	rmartyns1p@gov.uk	Male	Carquefou	3/4/2016
63	Zahara	Greville	zgreville1q@google.com	Male	Belém	2/5/2017
64	Odelinda	Allday	oallday1r@loc.gov	Male	Dengjiang	2/24/2016
66	Koressa	Bryson	kbryson1t@odnoklassniki.ru	Male	Heshang	1/27/2021
68	Ingeborg	Gossling	igossling1v@amazon.co.uk	Male	Pondokkaha Kelod	6/26/2019
69	Aurthur	Feldberger	afeldberger1w@twitter.com	Male	Zaječar	6/9/2016
71	Arlen	Peyntue	apeyntue1y@edublogs.org	Male	San Diego	11/8/2020
72	Tobie	Huggett	thuggett1z@mozilla.org	Male	Parral	11/15/2018
73	Aubert	Tamlett	atamlett20@freewebs.com	Male	Arapongas	10/12/2020
76	Chelsea	Fishbourn	cfishbourn23@example.com	Male	Ilovlya	5/4/2018
80	Jilli	O'Henecan	johenecan27@furl.net	Male	Herne	8/24/2019
81	Temple	Clist	tclist28@multiply.com	Male	Hüremt	8/30/2018
82	Horatio	Wace	hwace29@163.com	Male	Jijiazhuang	12/22/2019
83	Celie	Peak	cpeak2a@chicagotribune.com	Male	Luangwa	1/22/2018
85	Mariya	Chapelhow	mchapelhow2c@cbslocal.com	Male	Intibucá	5/22/2019
86	Nolly	MacGoun	nmacgoun2d@woothemes.com	Male	Gornji Breg	6/21/2016
87	Leese	Simonnet	lsimonnet2e@amazon.co.uk	Male	Xiashixiang	12/22/2016
89	Sadie	Lochead	slochead2g@oracle.com	Male	Garoua Boulaï	8/20/2020
90	Genny	Jozsef	gjozsef2h@webeden.co.uk	Male	Koroška Bela	8/10/2019
92	Cahra	Glasheen	cglasheen2j@imgur.com	Male	Adiaké	11/15/2018
93	Misti	Lothlorien	mlothlorien2k@businessinsider.com	Male	Yanjiang	2/16/2016
